<?xml version="1.0" encoding="UTF-8"?>
<!DOCTYPE tiles-definitions PUBLIC "-//Apache Software Foundation//DTD Tiles Configuration 3.0//EN" "http://tiles.apache.org/dtds/tiles-config_3_0.dtd" >
<tiles-definitions>
  <definition name="parent" template="/WEB-INF/jsp/template_theme.jsp">
  	<put-attribute name="title" value="Company 306" />
  	<put-attribute name="preScript" value="/includee/preScript.jsp" />
  	<put-attribute name="leftMenu" value="/includee/leftMenu.jsp" />
  	<put-attribute name="headerMenu" value="/includee/headerMenu.jsp" />
  	
  	<put-attribute name="footer" value="/includee/footer.jsp" />
  	<put-attribute name="postScript" value="/includee/postScript.jsp" />
  </definition>

  <definition name="index" extends="parent">
  	<put-attribute name="body" value="/WEB-INF/jsp/index.jsp" />
  </definition>
  <definition name="login" extends="parent">
  	<put-attribute name="body" value="/WEB-INF/jsp/login.jsp" />
  </definition>
  <definition name="board/*" extends="parent">
  	<put-attribute name="body" value="/WEB-INF/jsp/board/{1}.jsp" />
  </definition>
  <definition name="websocket/*" extends="parent">
  	<put-attribute name="body" value="/WEB-INF/jsp/websocket/{1}.jsp" />
  </definition>
  
</tiles-definitions>




















