<?xml version="1.0" encoding="UTF-8"?>
<!DOCTYPE mapper PUBLIC "-//mybatis.org//DTD Mapper 3.0//EN" "http://mybatis.org/dtd/mybatis-3-mapper.dtd">
<mapper namespace="kr.or.ddit.board.dao.BoardDAO">
	<sql id="searchFrag">
		<where>
			<if test="simpleCondition neq null and @org.apache.commons.lang3.StringUtils@isNotBlank(simpleCondition.searchWord)">
				<choose>
					<when test="simpleCondition.searchType eq 'writer'">
						INSTR(BO_WRITER, #{simpleCondition.searchWord}) > 0
					</when>
					<when test="simpleCondition.searchType eq 'content'">
						INSTR(BO_CONTENT, #{simpleCondition.searchWord}) > 0
					</when>
					<otherwise>
						INSTR(BO_WRITER, #{simpleCondition.searchWord}) > 0
						OR
						INSTR(BO_CONTENT, #{simpleCondition.searchWord}) > 0
					</otherwise>
				</choose>
			</if>
		</where>
	</sql>
	<select id="selectTotalRecord" parameterType="Pagination" resultType="int">
		SELECT COUNT(*)
		FROM FREEBOARD
		<include refid="searchFrag" />
	</select>
	<select id="selectBoardList" parameterType="Pagination" resultType="BoardVO">
		SELECT B.*
		FROM (
			SELECT ROWNUM RNUM, A.*
			FROM (
				SELECT BO_NO, BO_TITLE, BO_WRITER
					, BO_IP, BO_MAIL, BO_PASS
					, BO_CONTENT, BO_DATE, BO_HIT 
					, (
						SELECT COUNT(*)
						FROM ATCH_FILE
						WHERE BO_ATCH = ATCH_ID
					) ATCH_COUNT
				FROM FREEBOARD
				<include refid="searchFrag" />		
				ORDER BY BO_NO DESC
			) A
		) B
		<![CDATA[
			WHERE RNUM >= #{startRow} AND RNUM <= #{endRow}
		]]>
	</select>
	<insert id="insertBoard" parameterType="BoardVO">
		<selectKey order="BEFORE" resultType="int" keyProperty="boNo">
			SELECT FREEBOARD_SEQ.NEXTVAL
			FROM DUAL
		</selectKey>
		INSERT INTO FREEBOARD
		(
			BO_NO
			, BO_TITLE
			, BO_WRITER
			, BO_IP
			, BO_MAIL
			, BO_PASS
			, BO_CONTENT
			, BO_ATCH
		)VALUES(
			#{boNo,jdbcType=NUMERIC}
			, #{boTitle,jdbcType=VARCHAR}
			, #{boWriter,jdbcType=VARCHAR}
			, #{boIp,jdbcType=VARCHAR}
			, #{boMail,jdbcType=VARCHAR}
			, #{boPass,jdbcType=VARCHAR}
			, #{boContent,jdbcType=CLOB}
			, #{boAtch,jdbcType=NUMERIC}
		)
	</insert>
	
	<select id="selectBoard_bak" parameterType="int" resultType="BoardVO">
		SELECT BO_NO, BO_TITLE, BO_WRITER
			, BO_IP, BO_MAIL, BO_PASS
			, BO_CONTENT, BO_DATE, BO_HIT
			, BO_ATCH
		FROM FREEBOARD
		WHERE BO_NO = #{boNo}
	</select>
	
	<resultMap type="BoardVO" id="boardMap" autoMapping="true">
		<id property="boNo" column="BO_NO"/>
		<association property="atchFileGroup" javaType="AttatchFileGroupVO">
			<id property="atchId" column="ATCH_ID"/>
			<collection property="atchFileList" ofType="AttatchFileVO" autoMapping="true" />
		</association>
	</resultMap>
	
	<select id="selectBoard" parameterType="int" resultMap="boardMap">
		SELECT BO_NO, BO_TITLE, BO_WRITER
			, BO_IP, BO_MAIL, BO_PASS
			, BO_CONTENT, BO_DATE, BO_HIT
			, BO_ATCH
			, ATCH_ID, ATCH_SEQ, ATCH_MIME
			, ATCH_ORGIN_NAME, ATCH_SAVE_NAME, ATCH_SIZE
			, ATCH_DATE
		FROM FREEBOARD LEFT OUTER JOIN ATCH_FILE ON (BO_ATCH = ATCH_ID)						
		WHERE BO_NO = #{boNo}
	</select>
	<update id="updateBoHit" parameterType="int">
		UPDATE FREEBOARD
		SET
		BO_HIT = BO_HIT + 1
		WHERE BO_NO = #{boNo}
	</update>
	<update id="updateBoard" parameterType="BoardVO">
		UPDATE FREEBOARD
		SET
			BO_MAIL = #{boMail,jdbcType=VARCHAR}
			, BO_CONTENT = #{boContent,jdbcType=CLOB}
			, BO_ATCH = #{boAtch,jdbcType=NUMERIC}
		WHERE BO_NO = #{boNo} AND BO_PASS = #{boPass}
	</update>
	
	<delete id="deleteBoard" parameterType="BoardVO">
		DELETE FROM FREEBOARD
		WHERE BO_NO = #{boNo} AND BO_PASS = #{boPass}
	</delete>
</mapper>























